TIBShipmentUpdateToGTN,TMS
ETONTOAX,ETONManufacturingtoAX
BatchStatusService,Interlink
TestLogEvent,BPPhase1
AS400Adapter_ItemStatus_Publisher_04,IPMSSunset
EmailNotificationActionLinesToDTCMO,CustomerOrderVisibility
RMSItemToWMS,WMS
ReturnAdapter,PaymentServices
DatabaseFraudService,FraudService
POCreateMessageRouter,Interlink
STREnterpriseOMSEventsToENT,OMSD4
RMSPOUpdate,GlobalCustomsCompliance
ECDDAS400ADAPTER_RR08,BPPhase1_ATP_AVS_ECDD_BOS_BOM
ATPAS400ADAPTER_RR10,BPPhase1_ATP_AVS_ECDD_BOS_BOM
DSMassForceShipPOETAUpdateToRMS,Interlink
TotalItemAvailability_RR02,IPMSSunset
POCreateToAX,Interlink
OrderToPKMS,OMS
TIBTMSDSLPNShipmentToPKM,TMS
PaymentServiceDTCMOConnectors,PaymentServices
ItemHTSToUPS,GlobalCustomsCompliance
POExportService,Interlink
ATPAS400ADAPTER_RR13,BPPhase1_ATP_AVS_ECDD_BOS_BOM
PKMSDTCASNLPNToWMS,WMS
POShipmentConfirmationMessageRouter,Interlink
TotalItemAvailability_RR05,IPMSSunset
OrderConfirmationEmail,CustomerOrderVisibility
AutomatedDataCapture-Vendor_Manual,AutomatedDataCapture-Vendor
AutomatedDataCaptureUCC (Interface_TMS-TPM),AutomatedDataCaptureUCC
ADSFileAccountConversionAdapter,ADSFileFeedIntegration
TokenizationAdapter,PaymentServices
AS400Adapter_ItemStatus_Publisher_01,IPMSSunset
CLERouterForSterling,BPPhase1
BOSAS400ADAPTER_RR14,BPPhase1_ATP_AVS_ECDD_BOS_BOM
MDMMerchHierarchiesToNCR_AS,StrategicSalesPlatform
POAuditDetailsService,Interlink
ECDDAS400ADAPTER_RR20,BPPhase1_ATP_AVS_ECDD_BOS_BOM
NextActionListService,Interlink
ECDDAS400ADAPTER_RR05,BPPhase1_ATP_AVS_ECDD_BOS_BOM
InvAdjustmentToRMS,BPPhase1
OrderUpdate,BPPhase1
ViewRegistryAS400Adapter05,CrossChannelRegistry
DistroShipCancellationToSterling,BPPhase1
ShipmentSearchService,Interlink
WISMOGetOrderShipmentDetails,WISMO
PODetailsService,Interlink
Item,BPPhase1
ECDDAS400ADAPTER_RR26,BPPhase1_ATP_AVS_ECDD_BOS_BOM
DashBoardService,Interlink
TIBSTRPreASNToPKM,BPPhase1
GetCustomerTransactionAS400Adapter03,CustomerProfileDataAccess
ATPAS400ADAPTER_RR09,BPPhase1_ATP_AVS_ECDD_BOS_BOM
OrderPricingService,OMSD2
CreateEDIVendorFolder,Interlink
DropShipPOCreateToRMS,Interlink
DistrosFromNetSuiteToRMS,InternationalRapidPlatform
ManualDeliveryCampaignEmail,CustomerOrderVisibility
ZipcodeExclusionToSterling,BPPhase1
TIBPODShipmentTrackingToPKM,DynamicCarrierSelection
RoutingGuideToSterling,Interlink
STRPreASNToTIB,BPPhase1
SendCLEExceptionToPkMSErrFile,Interlink
CaptureAdapter,PaymentServices
DTCDemandToRMS,BPPhase1
CATALOG_DUMMYSKU_RESKU_PUB,BPPhase1
GetReturnLabel,WISMO
POUpdateService,Interlink
TotalItemAvailability_RR08,IPMSSunset
AITShipConfirmToRMS,BPPhase1
ItemHTSToNetSuiteGlobal,InternationalRapidPlatform
BOSAS400ADAPTER_RR11,BPPhase1_ATP_AVS_ECDD_BOS_BOM
DistroShipConfirmToSterling,BPPhase1
ECDDAS400ADAPTER_RR02,BPPhase1_ATP_AVS_ECDD_BOS_BOM
DCCancellationToDTCMO,WISMO
CreateShipmentSearchService,Interlink
WMSSWPInvAdjToStr,WMS
SVCBalanceInquiryAdapter,PaymentServices
BOMAS400ADAPTER_PUB01,BPPhase1_ATP_AVS_ECDD_BOS_BOM
TMSShipmentUpdateToGTN,TMS
ECDDAS400ADAPTER_RR23,BPPhase1_ATP_AVS_ECDD_BOS_BOM
DSBatchExportShipmentList,Interlink
DSMassForceShipPO,Interlink
AutomatedDataCaptureUCC (Interface_IPMS-TMS),AutomatedDataCaptureUCC
ItemStatusToDTC,OMS
WMSPIXToTPM,WMS
PkMSConsolidatorAddrLookupService,PkMSConsolidatorAddrShipViaLookup
ATPAS400ADAPTER_RR06,BPPhase1_ATP_AVS_ECDD_BOS_BOM
DSForceShipPOManual,Interlink
InvoiceSearch,Interlink
ATPAS400ADAPTER_RR21,BPPhase1_ATP_AVS_ECDD_BOS_BOM
SitesStatusFromRMSToJEN,JustEnough
BackOrderFeedToPKMS,BackOrderFeedToPKMS
DistrosFromNetSuiteToPKMS,InternationalRapidPlatform
CFPostVoidToSterling,CanadianFurniture
AutomatedDataCapture-Vendor,AutomatedDataCapture-Vendor
DSUIConfigService,Interlink
POCreateShipmentLabelEDIToSterling,Interlink
RMSPurchaseOrderToSTR,BPPhase1
AVSAS400ADAPTER_RR01,BPPhase1_ATP_AVS_ECDD_BOS_BOM
POQuantityUpdateToVendors,Interlink
ItemStatus_Router,OMS
RMSItemToTIB,BPPhase1
PostAuthorizationAdapter,PaymentServices
SearchRegistryAS400Adapter03,CrossChannelRegistry
BOSAS400ADAPTER_RR22,BPPhase1_ATP_AVS_ECDD_BOS_BOM
EmailNotification,CustomerOrderVisibility
BOSAS400ADAPTER_RR07,BPPhase1_ATP_AVS_ECDD_BOS_BOM
AuthorizationAdapter,PaymentServices
TPMDOTOWMS,WMS
CreateInvoiceService,Interlink
StoreHoursToRMS,Returns
PKMSWAREHOUSEASNLPNToWMS,WMS
ReturnOrderSearch,Returns
DistroShipCancellationToNetSuite,BPPhase1
AS400Adapter_TotalItemAvailability_RR07,IPMSSunset
GetTrackingDetailsWrapperService,WISMO
MedicPickupEmail,CustomerOrderVisibility
RestfulPaymentServiceProvider,PaymentServices
TotalItemAvailability_RR10,IPMSSunset
GetCustomerProfileAS400Adapter01,CustomerProfileDataAccess
GTNexusASNPub,BPPhase1
ECDDAS400ADAPTER_RR19,BPPhase1_ATP_AVS_ECDD_BOS_BOM
WHTransferCancellationFromMQtoEMS,BPPhase1
WareHouseTransferCancellation,BPPhase1
DCShipConfirmToSterling,BPPhase1
InvAdjustmentToSterling,BPPhase1
ADSFileVirtualXREFAdapter,ADSFileFeedIntegration
BOSAS400ADAPTER_RR04,BPPhase1_ATP_AVS_ECDD_BOS_BOM
AS400Adapter_TotalItemAvailability_RR01,IPMSSunset
ATPAS400ADAPTER_RR03,BPPhase1_ATP_AVS_ECDD_BOS_BOM
ItemFromRMSToPLM,PLM
MedicInHomeEmail,CustomerOrderVisibility
PKMOutboundLoadShipmentToTMS,TMS
RMSFeed,RMSIntegration
ATPAS400ADAPTER_RR24,BPPhase1_ATP_AVS_ECDD_BOS_BOM
BatchPOExport,Interlink
AVSAS400ADAPTER_RR04,BPPhase1_ATP_AVS_ECDD_BOS_BOM
ECDDAS400ADAPTER_RR13,BPPhase1_ATP_AVS_ECDD_BOS_BOM
GetOrderShipmentDetailsCOV,WISMO
DistroShipConfirm,BPPhase1
SterlingToAspectLossPrevention,OMSD3
BOSAS400ADAPTER_RR25,BPPhase1_ATP_AVS_ECDD_BOS_BOM
ECDDAS400ADAPTER_RR16,BPPhase1_ATP_AVS_ECDD_BOS_BOM
InvAdjustFromMQtoEMS,BPPhase1
ViewRegistryAS400Adapter02,CrossChannelRegistry
ReturnConfirmationEmail,WISMO
GetCustomerListAS400Adapter05,CustomerProfileDataAccess
ECDDReservationsCancellations,BPPhase1_ATP_AVS_ECDD_BOS_BOM
AS400Adapter_TotalItemAvailability_RR04,IPMSSunset
WMSDCCancellationsToHost,WMS
OrderToWMS,WMS
GetCustomerProfileAS400Adapter04,CustomerProfileDataAccess
GeneratePOAcknowledgementXmls,Interlink
CFSOrderCreate,BPPhase1
TransitTime,BPPhase1
PerfTestLookup,BPPhase1
ATPFindInventoryForECOM,OMS
ECDDAS400ADAPTER_RR10,BPPhase1_ATP_AVS_ECDD_BOS_BOM
POCostUpdateToDTCMO,Interlink
TIBPODShipmentTrackingToREV,DynamicCarrierSelection
ECDDAS400ADAPTER_RR27,BPPhase1_ATP_AVS_ECDD_BOS_BOM
VendorLoad,Returns
ATPAS400ADAPTER_RR08,BPPhase1_ATP_AVS_ECDD_BOS_BOM
ItemEnrichment_PT,OMSD2
POInvoiceToSterling,Interlink
SVCRedemptionAdapter,PaymentServices
MDMToSterlingItemMaster,OMSD2
SearchRegistry,CrossChannelRegistry
DSMassForceShipETAUpdateRouter,Interlink
POCancellationService,Interlink
ConfirmAppointment,COV3Pilot
EcomOrderCreateAck,OMS
CFOrderChangeToSterling,CanadianFurniture
AppointmentConfirmationEmail,CustomerOrderVisibility
TIBPKMOrderStatusToSTR,Interlink
RPFinalMileUpdate,DescartesRoutePlanner
TPMStoreMerchandiseToWMS,WMS
ItemFromRMSToJEN,JustEnough
BOSAS400ADAPTER_RR10,BPPhase1_ATP_AVS_ECDD_BOS_BOM
ItemStatusToEcomm,OMS
AXShipmentToPkMS_Replay,AXShipmentToPkMS
UPSCreateShipLabelAndCallTag,OMSD2
ViewRegistryAS400Adapter01,CrossChannelRegistry
POCreateAndUpdateToLawson,Interlink
OrderPublishToCDM,CDM
WareHouseTransferCancellationToRMS,BPPhase1
ItemStatus,IPMSSunset
PSPODShipmentTrackingToTIB,DynamicCarrierSelection
ItemUpdateToRMS,GlobalCustomsCompliance
RTLDemandToSterling,BPPhase1
DistroShipCancellationFromMQtoEMS,BPPhase1
PaymentServiceSOAPProvider,PaymentServices
BOSAS400ADAPTER_RR09,BPPhase1_ATP_AVS_ECDD_BOS_BOM
SterlingToEcomOrderAck,OMSD2
DSPickTicketToPKMS,CanadianFurniture
StockPOToTMS,TMS
SterlingFraudService,FraudService
CDM,CDM
ManufacturingStatusUpdates,WISMO
TIBTMSLPNForEDI214ToPKM,TMS
GetCustomerListAS400Adapter02,CustomerProfileDataAccess
RMSItemAdapter,BPPhase1
POStatusUpdateToRMS,GlobalCustomsCompliance
GetCustomerTransactionAS400Adapter01,CustomerProfileDataAccess
MDMBWReplay,OMSD2
ReturnOrderQuantityRMS,JustEnough
BOReallocation,BPPhase1
GTNMilestonesToRMS,BPPhase1
CATALOG_HEADER_DETAILS_PUB,BPPhase1
MDMToSTRShipRestrictions,OMSD2
AS400Adapter_ItemStatus_Publisher_05,IPMSSunset
MDM_TIBItemPricingToNCR.AS,StrategicSalesPlatform
LRCBalanceInquiryAdapter,PaymentServices
RMSItemToSingapore,BPPhase1
TIBSTRPreASNToGTN,BPPhase1
GetOrderDetails,Returns
CloseExceptionsInCLE,CustomerOrderVisibility
ShipmentGTNexusToRMS,BPPhase1
TotalItemAvailability_RR01,IPMSSunset
ECDDAS400ADAPTER_RR15,BPPhase1_ATP_AVS_ECDD_BOS_BOM
GetReplacementOrder,WISMO
ECDDReservationsCancellations_CAFN,BPPhase1_ATP_AVS_ECDD_BOS_BOM
DSMassInvUpdate,Interlink
RMSItemToAlshaya,BPPhase1
ECDDAS400ADAPTER_RR09,BPPhase1_ATP_AVS_ECDD_BOS_BOM
ADSFileAccountConversion,ADSFileFeedIntegration
RMSPurchaseOrdersToSTR,OMSD4
RMSItemToNetSuite,InternationalRapidPlatform
TIBToGlyph,BPPhase1
GTNASNAndMilestoneToTIB,BPPhase1
ShipmentUpdateRouter,WMS
PIXOnReceivingRouter,WMS
PurchaseFromRegistry,CrossChannelRegistry
ATPAS400ADAPTER_RR14,BPPhase1_ATP_AVS_ECDD_BOS_BOM
GetOrderShipmentDetails,WISMO
OMSOrderCreate,OMSD2
POCreateToPKMS,Interlink
SearchRegistryAS400Adapter05,CrossChannelRegistry
ItemHTSToEurope,GlobalCustomsCompliance
WMSPIXInventoryAdjustmentsToHost,WMS
OrderRetriggerEmail,CustomerOrderVisibility
AS400Adapter_TotalItemAvailability_RR06,IPMSSunset
ATPAS400ADAPTER_RR02,BPPhase1_ATP_AVS_ECDD_BOS_BOM
DistroShipConfirmToRMS,BPPhase1
WMSWHTXFtoWMSPKMSSTR,WMS
GeneratePOInvoiceXmls,Interlink
AXCartonStatusUpdateToPkMSEDI_Adapter,AXCartonStatusUpdateToPkMSEDI
ReturnConfirmationMail,WISMO
TIBMasterShipmentToPKM,TMS
POReceipt,BPPhase1
BOSAS400ADAPTER_RR15,BPPhase1_ATP_AVS_ECDD_BOS_BOM
ManufacturingStatusToSterling,Interlink
VendorCreate,Interlink
RMSItemInterface,BPPhase1
BOSAS400ADAPTER_RR03,BPPhase1_ATP_AVS_ECDD_BOS_BOM
ItemHTSToSesby,GlobalCustomsCompliance
TIBGTNASNAndMilestoneToPKM,BPPhase1
ShipLinesToDTCMO,WMS
POUpdateMessageRouter,Interlink
ATPAS400ADAPTER_RR25,BPPhase1_ATP_AVS_ECDD_BOS_BOM
ATPAS400ADAPTER_RR19,BPPhase1_ATP_AVS_ECDD_BOS_BOM
OrderFraudScreeningToDTCMOUAS400_SUB,OrderFraudScreening
POAcknowledgementToSterling,Interlink
UPSShipmentLabel,Interlink
PaymentServicesBINRangeInterface,PaymentServices
CreateReturnSterling,Returns
CATALOG_DAILY_UPDATE_PUB,BPPhase1
ECDDAS400ADAPTER_RR03,BPPhase1_ATP_AVS_ECDD_BOS_BOM
DistrosFromNetSuiteToSterling,BPPhase1
TotalItemAvailability_RR07,IPMSSunset
POSearchService,Interlink
ArrivedAtHUBEmail,CustomerOrderVisibility
POCostUpdateServiceToRMS,Interlink
DistroShipCancellation,BPPhase1
EmailNotificationRouter,CustomerOrderVisibility
CFSplitShipAdviceRelease,CanadianFurniture
GetCustomerProfileAS400Adapter05,CustomerProfileDataAccess
WareHouseTransferToSterling,BPPhase1
OrderDrop_DTCMO,OMS
BOSAS400ADAPTER_RR21,BPPhase1_ATP_AVS_ECDD_BOS_BOM
ACC_OMS_OrderFraudScreeningReceiver-Asynch,OrderFraudScreening
DiffDataFromPLMToRMS,PLM
DTCshipConfirmationToRMS,BPPhase1
POCostUpdateServiceToSterling,Interlink
POReceiptToSterling,BPPhase1
UPSPOD,WMS
OrderRelease,BPPhase1
AccountMerge,Clienteling
ATPAS400ADAPTER_RR20,BPPhase1_ATP_AVS_ECDD_BOS_BOM
OrderDrop_CFS,OMS
WMSShipConfirmToHostChipDent,WMS
RMSCompanyRelationshipToWMSPKMS,WMS
ATPAS400ADAPTER_RR07,BPPhase1_ATP_AVS_ECDD_BOS_BOM
ADSFileCertificateFeed,ADSFileFeedIntegration
DCOrderCancellation,BPPhase1
TPMDELIVERYORDERTORP,COV3Pilot
WMSInventoryAccountingSnapshotToHost,WMS
BOSAS400ADAPTER_RR08,BPPhase1_ATP_AVS_ECDD_BOS_BOM
CreateReturnToDTCMO,Returns
ECDDService,CanadianFurniture
SecureEcommerceFraudService,FraudService
PKMPickTicketOrderCreateToSTR,CustomerOrderVisibility
ADSFileUniqueXREF,ADSFileFeedIntegration
PaymentServiceReconciliationProcesses,PaymentServices
ItemHTSToUPSCA,GlobalCustomsCompliance
CheckVendorLockService,Interlink
POETAUpdateToDTCMO,Interlink
DCOrderCancellationFromMQtoEMS,BPPhase1
ARSCreateShipment,Returns
CatalogDummySkuReSku,BPPhase1
POReceiptFromMQtoEMS,BPPhase1
RMSRefreshOutletDeptToTIB_ADBAdapter,JustEnough
LoyaltyCard,Clienteling
ECDDAS400ADAPTER_RR21,BPPhase1_ATP_AVS_ECDD_BOS_BOM
GetCustomerListAS400Adapter01,CustomerProfileDataAccess
TIBGTNASNAndMilestoneToSTR,BPPhase1
AXShipmentToPkMS_ADB_Adapter,AXShipmentToPkMS
CFSOrderAcknowledgement,OMS
BatchCreateShipmentLabelFileConverter,Interlink
NSIntPOToTMS,TMS
EDI864PKMSToSterling,CustomerOrderVisibility
OrderDrop_RMS,OMS
TIBPKMOrderStatusToRMS,Interlink
MfgPOUpload,Interlink
POReceiptToRMS,BPPhase1
AVSAS400ADAPTER_RR03,BPPhase1_ATP_AVS_ECDD_BOS_BOM
ATPAS400ADAPTER_RR04,BPPhase1_ATP_AVS_ECDD_BOS_BOM
WMSWHTxfReceiptToHost,WMS
AS400Adapter_TotalItemAvailability_RR02,IPMSSunset
UPSShipmentOptimization,Interlink
POInvoiceCreateToLawson,Interlink
SearchRegistryAS400Adapter01,CrossChannelRegistry
ECDDAS400ADAPTER_RR14,BPPhase1_ATP_AVS_ECDD_BOS_BOM
BOSAS400ADAPTER_RR05,BPPhase1_ATP_AVS_ECDD_BOS_BOM
TestScenarioService,Interlink
GTNMilestonesProcessing,BPPhase1
PurchaseOrder,BPPhase1
SVCActivationAdapter,PaymentServices
WGLNPODTOPKMS,COV3Pilot
InvAdjustToDTC,BPPhase1
PurchaseOrderUpdateEcomToSterling,BorderFree
ECDDAS400ADAPTER_RR17,BPPhase1_ATP_AVS_ECDD_BOS_BOM
LRCLookupAdapter,PaymentServices
SearchRegistryAS400Adapter04,CrossChannelRegistry
PKMSRTLASNLPNToWMS,WMS
DSMassForceShipETAUpdate,Interlink
SVCVoidActivationAdapter,PaymentServices
TIBTMSLPNForEDI856ToPKM,TMS
OrderDrop_Router,OMS
ShipmentConfirmationRouter,WMS
CustomerProfile,Clienteling
GetCustomerProfileAS400Adapter03,CustomerProfileDataAccess
CFSShipConfirm,OMS
WMSItemMasterUpdateToWMSPKMS,WMS
SitesFromRMSToJEN,JustEnough
ATPAS400ADAPTER_RR01,BPPhase1_ATP_AVS_ECDD_BOS_BOM
AS400Adapter_TotalItemAvailability_RR05,IPMSSunset
BatchExportInvoice,Interlink
OrderReceiptToSTR,OMS
SecureSterlingFraudService,FraudService
ShipmentUpdate,WISMO
POCreateToRMS,CanadianFurniture
AutomatedDataCaptureUCC (Interface_IPMS-TMS_Manual),AutomatedDataCaptureUCC
DeliveryConfirmationEmail,CustomerOrderVisibility
GetARSDetails,Returns
RMSItemToSSI,BPPhase1
CFOrderCreateToSterling,CanadianFurniture
BackOrderUpdatesToPKMS,BackOrderUpdatesToPKMS
INVAS400ADAPTER_SUB01,BPPhase1
ECDDAS400ADAPTER_RR11,BPPhase1_ATP_AVS_ECDD_BOS_BOM
BOSAS400ADAPTER_RR19,BPPhase1_ATP_AVS_ECDD_BOS_BOM
RMSItemToAX,BPPhase1
ATPAS400ADAPTER_RR22,BPPhase1_ATP_AVS_ECDD_BOS_BOM
BOSAS400ADAPTER_RR02,BPPhase1_ATP_AVS_ECDD_BOS_BOM
ADSFileUniqueXREFAdapter,ADSFileFeedIntegration
AutomatedDataCapture-Vendor Specific,AutomatedDataCapture-Vendor
TotalItemAvailability_RR,IPMSSunset
DeliveryConfirmationToDTCMO,CustomerOrderVisibility
NetSuitePOUpdate,InternationalRapidPlatform
POETAUpdateMessageRouter,Interlink
ATPAS400ADAPTER_RR18,BPPhase1_ATP_AVS_ECDD_BOS_BOM
ItemAttrUpdate,BPPhase1
PriceService,OMS
WmsPixQntyUpdateToTPM,WMS
GetCustomerTransaction,CustomerProfileDataAccess
AdapterCreateReturnToDTCMO,Returns
CFOrderDetailsService,CanadianFurniture
ShipConfirmationEmail,CustomerOrderVisibility
POShipmentConfirmationToLawson,Interlink
InvoiceAndPayment,Returns
LRCRedemptionSvcConsumerAdapter,PaymentServices
BOSAS400ADAPTER_RR23,BPPhase1_ATP_AVS_ECDD_BOS_BOM
DistroShipConfirmFromMQtoEMS,BPPhase1
DSPOCreateToTMS,TMS
GetActionLines,Returns
ItemHTSToEI,GlobalCustomsCompliance
BOSAS400ADAPTER_RR20,BPPhase1_ATP_AVS_ECDD_BOS_BOM
TMSLPNRouterToTIB,TMS
ExportInvoice,Interlink
DSandSVCShipConfirmation,BPPhase1
AutomatedDataCapture-Vendor_Specific,AutomatedDataCapture-Vendor
AccountUpdateToSterling,CDM
GetCustomerListAS400Adapter03,CustomerProfileDataAccess
GTNexusASNToRMSSub,BPPhase1
BorderFreeOrderCreate,OMSD2
RMSSupplierToNetSuite,InternationalRapidPlatform
POStatusUpdate,InternationalRapidPlatform
GenerateShipmentLabelEDIXmls,Interlink
POServiceLevelChange,Interlink
ManualDeliveryCampaignFromRP,CustomerOrderVisibility
AsynchFraudService,FraudService
ECDDAS400ADAPTER_RR25,BPPhase1_ATP_AVS_ECDD_BOS_BOM
GetCustomerTransactionAS400Adapter02,CustomerProfileDataAccess
POCreateToVendors,Interlink
RMSItemToPKMS,BPPhase1
PreBillRouter,WMS
ACC_OMS_OrderFraudScreeningResult,OrderFraudScreening
ItemHTSToConnor,GlobalCustomsCompliance
MDMAssociateDiscountsToSDM,OMSD4
RMSItemToLiverpool,BPPhase1
TIBPODShipmentTrackingToSTR,DynamicCarrierSelection
DCPickStatusFromMQtoEMS,ControlTower
RMSItemToSterling,BPPhase1
ActionLines,Returns
MDM_TIBItemMasterToNCR.AS,StrategicSalesPlatform
CreateShipmentLabelService,Interlink
UpdateReceipt,Returns
DCPullDistrosFromNetSuite,InternationalRapidPlatform
TIBTMSLPNHUBMASNToPKM,TMS
MDMToSterlingItemPricing,OMSD2
AS400Adapter_TotalItemAvailability_RR10,IPMSSunset
DSForceShipPOSearch,Interlink
CreateInvoiceSearchService,Interlink
ECDDAS400ADAPTER_RR22,BPPhase1_ATP_AVS_ECDD_BOS_BOM
PkMSShipViaLookupService,PkMSConsolidatorAddrShipViaLookup
ECDDAS400ADAPTER_RR07,BPPhase1_ATP_AVS_ECDD_BOS_BOM
PKMSItemMasterUpdateToWMS,WMS
AS400Adapter_ItemStatus_Publisher_03,IPMSSunset
BOSAS400ADAPTER_RR16,BPPhase1_ATP_AVS_ECDD_BOS_BOM
GetCustomerList,CustomerProfileDataAccess
BOMAS400ADAPTER_PUB02,BPPhase1_ATP_AVS_ECDD_BOS_BOM
ATPAS400ADAPTER_RR15,BPPhase1_ATP_AVS_ECDD_BOS_BOM
POQuantityUpdateMessageRouter,Interlink
DSDFromSTOREToRMS,BPPhase1
RMSItemToGDM,BPPhase1
AXShipmentToPkMS,AXShipmentToPkMS
DistroShipCancellationToRMS,BPPhase1
ItemSearch,Returns
ItemHTSToLivingston,GlobalCustomsCompliance
POShipmentConfirmationToRevRec,Interlink
ECDDAS400ADAPTER_RR28,BPPhase1_ATP_AVS_ECDD_BOS_BOM
POShipmentConfirmationToDTCMO,Interlink
TotalItemAvailability_RR03,IPMSSunset
EmailStatusFeedToSterling,CustomerOrderVisibility
GetCustomerTransactionAS400Adapter05,CustomerProfileDataAccess
DCShipConfirmFromMQtoEMS,BPPhase1
GTDMessageBroker,GlobalCustomsCompliance
TotalItemAvailability_RR06,IPMSSunset
ECDDAS400ADAPTER_RR04,BPPhase1_ATP_AVS_ECDD_BOS_BOM
ItemHTSToAsia,GlobalCustomsCompliance
DCOrderCancellationToRMS,BPPhase1
POReceiptToLawson,InternationalRapidPlatform
ATPAS400ADAPTER_RR12,BPPhase1_ATP_AVS_ECDD_BOS_BOM
STRToECOMPromotionRelease,OMSD2
OrderCreate,BPPhase1
POCreateToTMS,Interlink
BOSAS400ADAPTER_RR13,BPPhase1_ATP_AVS_ECDD_BOS_BOM
BatchExportPreInvoice,Interlink
PurchaseOrders_ADBAdapter,OMSD4
ReplacementDeliveryEmail,CustomerOrderVisibility
ItemUpdateToPKMS,GlobalCustomsCompliance
ReturnReceipt,Returns
GiftRegistry,Clienteling
POETAUpdateToVendors,Interlink
POToGXS,GlobalCustomsCompliance
BOSAS400ADAPTER_RR01,BPPhase1_ATP_AVS_ECDD_BOS_BOM
WSIToE2OpenFileWrite_OrderMod,ControlTower
GetCustomerTransactionAS400Adapter04,CustomerProfileDataAccess
MDMToPKMSItemMaster,OMSD2
AXCartonStatusUpdateToPkMSEDI,AXCartonStatusUpdateToPkMSEDI
DSOrderToPKMS,CanadianFurniture
BOSAS400ADAPTER_RR18,BPPhase1_ATP_AVS_ECDD_BOS_BOM
RMSItemToFiftyOne,BPPhase1
KROClockDataForNonExemptToTIB,DCLaborManagement
GetCustomerProfile,CustomerProfileDataAccess
EcommerceFraudService_NotInUse,FraudService
MOBILEPHONE_OPTIN_PUB,MobilePhone
WmsDOExportToTPM,WMS
TIBClockDataForNonExemptToPKM,DCLaborManagement
ATPAS400ADAPTER_RR23,BPPhase1_ATP_AVS_ECDD_BOS_BOM
AS400Adapter_TotalItemAvailability_RR09,IPMSSunset
BOSAS400ADAPTER_RR24,BPPhase1_ATP_AVS_ECDD_BOS_BOM
SCCTest,PaymentServices
PBinLocationLoad,Returns
TokemizationDTCMOConnector,PaymentServices
ECDDAS400ADAPTER_RR01,BPPhase1_ATP_AVS_ECDD_BOS_BOM
MDMToDTCPTItemMaster,OMSD2
ReturnOrderQuantity,JustEnough
LRCBalanceInquirySvcConsumerAdapter,PaymentServices
ItemCreate,Interlink
ATPAS400ADAPTER_RR17,BPPhase1_ATP_AVS_ECDD_BOS_BOM
AccertifyFraudService,FraudService
ItemHTSToDAMCO,GlobalCustomsCompliance
TotalItemAvailability_RR09,IPMSSunset
PermanentlyOutOfStockNotification,CustomerOrderVisibility
CatalogHeaderDetails,BPPhase1
TestFTEMS,BPPhase1
EDI864SterlingToPKMS,CustomerOrderVisibility
ExportPreInvoiceDetails,Interlink
ItemFromPLMToRMS,PLM
RefundCheckSterlingToLawson,OMSD2
AVSAS400ADAPTER_RR02,BPPhase1_ATP_AVS_ECDD_BOS_BOM
PurchaseOrderConversion,BPPhase1
InternationalInventoryVisibility,InternationalInventoryVisibility
PKMOrderStatusToTIB,ControlTower
ATPAS400ADAPTER_RR05,BPPhase1_ATP_AVS_ECDD_BOS_BOM
WareHouseTransferCancellationToSterling,BPPhase1
POCostUpdateServiceRouter,Interlink
RTSDRuleConfiguration,DescartesRoutePlanner
IRPPOToGXS,InternationalRapidPlatform
BOSAS400ADAPTER_RR06,BPPhase1_ATP_AVS_ECDD_BOS_BOM
POUNIXFILEADAPTER_PUB01,BPPhase1
SearchRegistryAS400Adapter02,CrossChannelRegistry
ECO_OMS_OrderFraudScreening-Synch,OrderFraudScreening
RPDeliveryOrderUpdateToSterling,DescartesRoutePlanner
SalesOrderSearch,Returns
POCreateToDTCMO,Interlink
ECDDAS400ADAPTER_RR18,BPPhase1_ATP_AVS_ECDD_BOS_BOM
BOSchedule,BPPhase1_ATP_AVS_ECDD_BOS_BOM
ETONTOAX_Replay,ETONManufacturingtoAX
CreateOnlineReturn,WISMO
AVSAddressVerification,BPPhase1_ATP_AVS_ECDD_BOS_BOM
RMSSupplierToGDM,BPPhase1
ADSFileAccountIDXREFFAdapter,ADSFileFeedIntegration
WHTransferFromMQtoEMS,BPPhase1
LRCRedemptionAdapter,PaymentServices
RMSSUPPLIERADAPTER_PUB01,BPPhase1
AS400Adapter_ItemStatus_Publisher_02,IPMSSunset
ViewRegistryAS400Adapter04,CrossChannelRegistry
ECDDAS400ADAPTER_RR06,BPPhase1_ATP_AVS_ECDD_BOS_BOM
PurchaseOrderToLawson,InternationalRapidPlatform
POStatusUpdateToSourceSystems,GlobalCustomsCompliance
GetCustomerProfileAS400Adapter02,CustomerProfileDataAccess
MOBILEPHONE_CUSTOMERPROFILE_PUB,MobilePhone
EmailStatusFeedToDTCMO,CustomerOrderVisibility
ATPFindInventory,BPPhase1_ATP_AVS_ECDD_BOS_BOM
MilestonesToNetSuite,InternationalRapidPlatform
DCCancellationToSterling,BPPhase1
WareHouseTransferToRMS,BPPhase1
DSExportShipmentListService,Interlink
BOModification,BPPhase1_ATP_AVS_ECDD_BOS_BOM
ADSFileAccountIDXREF,ADSFileFeedIntegration
KROClockDataForNonExemptToTIB_ADBAdapter,DCLaborManagement
OrderDrop,OMS
GetOrderReturnEligibility,WISMO
MedicDeliveryEmail,CustomerOrderVisibility
TMSShipmentToTIB,TMS
ChangeShipmentService,Interlink
SupplierFromRMSToPLM,PLM
ViewRegistry,CrossChannelRegistry
MDMToSDMItemPricing,OMSD2
ECDDAS400ADAPTER_RR29,BPPhase1_ATP_AVS_ECDD_BOS_BOM
TotalItemAvailability_RR04,IPMSSunset
BONotificationEmail,CustomerOrderVisibility
TIBTMSLPNCarrierUpdateToPKM,TMS
CatalogDailyRefresh,BPPhase1
ECDDAS400ADAPTER_RR12,BPPhase1_ATP_AVS_ECDD_BOS_BOM
AutomatedDataCapture-Vendor (Manual),AutomatedDataCapture-Vendor
ItemHTSToNetSuite,InternationalRapidPlatform
GetCustomerListAS400Adapter04,CustomerProfileDataAccess
POPurge,BPPhase1
ViewRegistryAS400Adapter03,CrossChannelRegistry
ATPAS400ADAPTER_RR11,BPPhase1_ATP_AVS_ECDD_BOS_BOM
TIBGTNASNAndMilestoneToRMS,BPPhase1
BOSAS400ADAPTER_RR12,BPPhase1_ATP_AVS_ECDD_BOS_BOM
InTransitInvLoad,BPPhase1
CRMCustomerServicesToCDM,CaseManagement
PickupEmail,CustomerOrderVisibility
AXStatusUpdates,WISMO
ADSFileCertificateFeedAdapter,ADSFileFeedIntegration
AS400Adapter_TotalItemAvailability_RR03,IPMSSunset
GetTrackingDetails,WISMO
RefundCheckLawsonToSterling,OMSD2
CancelFullReservation,OMSD2
PurchaseFromRegistryAS400Adapter,CrossChannelRegistry
InvLoad,BPPhase1
POAcknowledgmentService,Interlink
BarclaysMarketingFeed,BarclaysIntegration
BOSAS400ADAPTER_RR17,BPPhase1_ATP_AVS_ECDD_BOS_BOM
DCShipConfirmToRMS,BPPhase1
MHFromRMSToPLM,PLM
ADSFileVirtualXREF,ADSFileFeedIntegration
ECDDAS400ADAPTER_RR24,BPPhase1_ATP_AVS_ECDD_BOS_BOM
ASNToInternational51,BPPhase1
ItemMasterMDMToSDM,OMSD2
SVCReloadAdapter,PaymentServices
Address,Clienteling
GlyphToRMS,BPPhase1
TestFTMQ,BPPhase1
RPAdviceAndConfirmService,DescartesRoutePlanner
ActiveDirectoryExtract,Returns
RMSNonOMSDItemToTIB,StrategicSalesPlatform
ADExtract,Clienteling
ReceiveReturn,Returns
BatchCreateShipmentLabelLow,Interlink
CollectionFromPLMToRMS,PLM
ECOMToSterlingECDDService,OMSD2
CFOrderSearchService,CanadianFurniture
ECDDAS400ADAPTER_RR30,BPPhase1_ATP_AVS_ECDD_BOS_BOM
BatchCreateShipmentLabelFileSorter,Interlink
STRPickTicketsToPKMS,COV3Pilot
AS400Adapter_TotalItemAvailability_RR08,IPMSSunset
BatchShipmentLabel,Interlink
EXTITEMATTRIBUTESTOPKMS,EXTITEMATTRIBUTESTOPKMS
BatchListService,Interlink
SupplierFromRMSToJEN,JustEnough
StoreDetails,Returns
CLETempService,BPPhase1
OrderDropToTPM,WMS
ReadyToScheduleEmail,CustomerOrderVisibility
DistroShipConfirmToNetSuite,BPPhase1
AS400Adapter_ItemStatus_Publisher,IPMSSunset
ATPAS400ADAPTER_RR16,BPPhase1_ATP_AVS_ECDD_BOS_BOM
AuditFlagToSterling,CanadianFurniture
DCOrderToPKMS,CanadianFurniture
WareHouseTransfer,BPPhase1